{
  "experiment_id": "exp_002",
  "iteration": 2,
  "start_time": "2025-09-01T18:17:51.506676",
  "pid_parameters": {
    "kp_x": 0.5,
    "kp_y": 0.5,
    "kp_z": 0.5,
    "ki_x": 0.1,
    "ki_y": 0.1,
    "ki_z": 0.1,
    "kd_x": 0.35,
    "kd_y": 0.35,
    "kd_z": 0.45
  },
  "flight_data": {
    "crazyflie_positions": [
      [
        0.5156519165039063,
        0.49622802734375,
        0.252971923828125
      ],
      [
        0.5164930419921875,
        0.4974241943359375,
        0.2535439453125
      ],
      [
        0.5172694702148437,
        0.4981971435546875,
        0.252947509765625
      ],
      [
        0.5183362426757813,
        0.499185791015625,
        0.252992431640625
      ],
      [
        0.5190278930664063,
        0.4992572021484375,
        0.251961181640625
      ],
      [
        0.522669677734375,
        0.5007762451171875,
        0.2516220703125
      ],
      [
        0.5218359985351563,
        0.501904296875,
        0.250765625
      ],
      [
        0.5225288696289062,
        0.5016082763671875,
        0.250998779296875
      ],
      [
        0.5227545776367187,
        0.5013885498046875,
        0.25029638671875
      ],
      [
        0.5231253662109375,
        0.5010565185546875,
        0.25059326171875
      ],
      [
        0.5227715454101562,
        0.5006005859375,
        0.25108642578125
      ],
      [
        0.5224981079101563,
        0.5001773681640626,
        0.25263037109375
      ],
      [
        0.5216416625976562,
        0.4986563720703125,
        0.2529873046875
      ],
      [
        0.52050244140625,
        0.4980391845703125,
        0.253906494140625
      ],
      [
        0.5196061401367188,
        0.497342041015625,
        0.25487255859375
      ],
      [
        0.5188082275390625,
        0.4969232177734375,
        0.255795654296875
      ],
      [
        0.5164810791015625,
        0.49815966796875,
        0.254595703125
      ],
      [
        0.51556689453125,
        0.4952967529296875,
        0.258443603515625
      ],
      [
        0.5152267456054688,
        0.4941162109375,
        0.258727294921875
      ],
      [
        0.5151542358398438,
        0.4941949462890625,
        0.2602978515625
      ],
      [
        0.5160084838867187,
        0.4940819091796875,
        0.263416015625
      ],
      [
        0.5172308959960937,
        0.493557373046875,
        0.267264404296875
      ],
      [
        0.5186083374023438,
        0.494033935546875,
        0.271453857421875
      ],
      [
        0.5196392211914063,
        0.495362548828125,
        0.2773935546875
      ],
      [
        0.5215660400390625,
        0.4958564453125,
        0.280162353515625
      ],
      [
        0.5224998168945313,
        0.4967117919921875,
        0.286312255859375
      ],
      [
        0.5226488647460937,
        0.4977110595703125,
        0.293797607421875
      ],
      [
        0.521720947265625,
        0.4979410400390625,
        0.300874755859375
      ],
      [
        0.5204443969726562,
        0.498046630859375,
        0.306481201171875
      ],
      [
        0.5192660522460938,
        0.4979139404296875,
        0.314976806640625
      ],
      [
        0.5167111206054688,
        0.4984451904296875,
        0.320986572265625
      ],
      [
        0.51471875,
        0.4987452392578125,
        0.329030517578125
      ],
      [
        0.51197705078125,
        0.499152099609375,
        0.33891015625
      ],
      [
        0.5109661254882812,
        0.4973665771484375,
        0.347454833984375
      ],
      [
        0.5086907348632812,
        0.4972403564453125,
        0.35816064453125
      ],
      [
        0.5064142456054688,
        0.4969044189453125,
        0.368008056640625
      ],
      [
        0.5047327880859375,
        0.4967801513671875,
        0.376034912109375
      ],
      [
        0.503976806640625,
        0.496600341796875,
        0.38691064453125
      ],
      [
        0.5023665771484375,
        0.49668505859375,
        0.395336181640625
      ],
      [
        0.5020464477539063,
        0.4961439208984375,
        0.40521728515625
      ],
      [
        0.5022363891601562,
        0.49576513671875,
        0.412989013671875
      ],
      [
        0.5017627563476562,
        0.495489013671875,
        0.421096435546875
      ],
      [
        0.5017318725585938,
        0.4957686767578125,
        0.428733642578125
      ],
      [
        0.5015609130859375,
        0.4954969482421875,
        0.43688720703125
      ],
      [
        0.5011569213867187,
        0.4957989501953125,
        0.4443380126953125
      ],
      [
        0.5005612182617187,
        0.4967950439453125,
        0.4515789794921875
      ],
      [
        0.49951910400390626,
        0.4979305419921875,
        0.45852880859375
      ],
      [
        0.49854315185546877,
        0.498611328125,
        0.4637783203125
      ],
      [
        0.49860894775390624,
        0.4997493896484375,
        0.4707833251953125
      ],
      [
        0.4979931640625,
        0.501250244140625,
        0.4752999267578125
      ],
      [
        0.4985089111328125,
        0.5019827880859375,
        0.48043798828125
      ],
      [
        0.49812652587890627,
        0.5038116455078125,
        0.4836944580078125
      ],
      [
        0.49952557373046874,
        0.5045706787109375,
        0.4854996337890625
      ],
      [
        0.4996888427734375,
        0.5048271484375,
        0.485701416015625
      ],
      [
        0.5031691284179688,
        0.5071766357421875,
        0.4905205078125
      ],
      [
        0.5069659423828125,
        0.5089033203125,
        0.493986083984375
      ],
      [
        0.5096682739257813,
        0.510105712890625,
        0.495865966796875
      ],
      [
        0.5126157836914063,
        0.51105859375,
        0.497471923828125
      ],
      [
        0.51646435546875,
        0.514261962890625,
        0.497506103515625
      ],
      [
        0.5164624633789062,
        0.511803955078125,
        0.5010478515625
      ],
      [
        0.5169995727539063,
        0.5126907958984375,
        0.502624267578125
      ],
      [
        0.5167830200195312,
        0.5127113037109375,
        0.5046702880859375
      ],
      [
        0.516095947265625,
        0.5122816162109375,
        0.5055479736328125
      ],
      [
        0.5140916137695313,
        0.5116295166015625,
        0.5076820068359374
      ],
      [
        0.5123134765625,
        0.5109281005859375,
        0.50865771484375
      ],
      [
        0.5093906860351562,
        0.510354736328125,
        0.51013232421875
      ],
      [
        0.5066041870117187,
        0.510898193359375,
        0.5115029296875
      ],
      [
        0.5033966674804687,
        0.5095869140625,
        0.512213623046875
      ],
      [
        0.5014791870117188,
        0.5100845947265625,
        0.5137747802734375
      ],
      [
        0.500065673828125,
        0.5099686279296874,
        0.5149927978515625
      ],
      [
        0.49901934814453125,
        0.5094815673828125,
        0.5158399658203126
      ],
      [
        0.49885589599609376,
        0.50904443359375,
        0.51668701171875
      ],
      [
        0.49965057373046873,
        0.50911279296875,
        0.51705908203125
      ],
      [
        0.5002681274414063,
        0.5091212158203124,
        0.5175006103515625
      ],
      [
        0.5026771850585937,
        0.50891064453125,
        0.517658447265625
      ],
      [
        0.5052527465820312,
        0.5085848388671875,
        0.5173890380859375
      ],
      [
        0.5075715942382812,
        0.508744384765625,
        0.516693359375
      ],
      [
        0.5092169046401978,
        0.5095135569572449,
        0.5172066688537598
      ],
      [
        0.5134888305664063,
        0.507549560546875,
