{
  "experiment_id": "exp_001",
  "iteration": 1,
  "start_time": "2025-09-01T18:17:44.605073",
  "pid_parameters": {
    "kp_x": 0.5,
    "kp_y": 0.5,
    "kp_z": 0.25,
    "ki_x": 0.1,
    "ki_y": 0.1,
    "ki_z": 0.1,
    "kd_x": 0.35,
    "kd_y": 0.35,
    "kd_z": 0.45
  },
  "flight_data": {
    "crazyflie_positions": [
      [
        0.5354555053710938,
        0.5002679443359375,
        0.5200679931640625
      ],
      [
        0.5357228393554687,
        0.500112060546875,
        0.519201904296875
      ],
      [
        0.5364508056640624,
        0.5003123779296875,
        0.51824609375
      ],
      [
        0.5363516845703125,
        0.499853759765625,
        0.518065185546875
      ],
      [
        0.5364628295898437,
        0.4998956298828125,
        0.5177076416015625
      ],
      [
        0.5361526489257813,
        0.499813720703125,
        0.5174189453125
      ],
      [
        0.5357195434570312,
        0.499804931640625,
        0.5171951904296875
      ],
      [
        0.535407470703125,
        0.4997056884765625,
        0.516823974609375
      ],
      [
        0.5349345092773438,
        0.4995731201171875,
        0.51667724609375
      ],
      [
        0.5344342651367188,
        0.499384765625,
        0.5166322021484375
      ],
      [
        0.5339620971679687,
        0.4993065185546875,
        0.5165028076171875
      ],
      [
        0.5336183471679687,
        0.4991507568359375,
        0.5163055419921875
      ],
      [
        0.5333855590820312,
        0.49895751953125,
        0.5160018310546876
      ],
      [
        0.5336294555664063,
        0.499004150390625,
        0.515344970703125
      ],
      [
        0.5331685180664063,
        0.4991627197265625,
        0.51510888671875
      ],
      [
        0.5326416625976562,
        0.4987459716796875,
        0.51491357421875
      ],
      [
        0.5312985229492188,
        0.499543701171875,
        0.513160888671875
      ],
      [
        0.5301114501953125,
        0.501635498046875,
        0.5120445556640625
      ],
      [
        0.5281621704101562,
        0.500413330078125,
        0.5114110107421875
      ],
      [
        0.5271415405273437,
        0.5000653076171875,
        0.509395751953125
      ],
      [
        0.5257506713867187,
        0.4995020751953125,
        0.50684619140625
      ],
      [
        0.5242194213867187,
        0.5000892333984375,
        0.5038760986328125
      ],
      [
        0.5225951538085938,
        0.49992822265625,
        0.5006236572265625
      ],
      [
        0.5212695922851562,
        0.500619384765625,
        0.496203369140625
      ],
      [
        0.5201411743164063,
        0.50111083984375,
        0.491876220703125
      ],
      [
        0.5187472534179688,
        0.5019957275390625,
        0.4863289794921875
      ],
      [
        0.5181210327148438,
        0.5027186279296875,
        0.480495849609375
      ],
      [
        0.5175964965820312,
        0.503565673828125,
        0.472386474609375
      ],
      [
        0.5172929077148437,
        0.50414892578125,
        0.465920166015625
      ],
      [
        0.5170036010742187,
        0.5045506591796876,
        0.456361328125
      ],
      [
        0.5169083251953125,
        0.5048865966796875,
        0.4485091552734375
      ],
      [
        0.5171488647460938,
        0.5053336181640625,
        0.439884033203125
      ],
      [
        0.5175174560546875,
        0.5057764892578125,
        0.43178125
      ],
      [
        0.5167481689453125,
        0.5053572998046875,
        0.4230361328125
      ],
      [
        0.5175960083007812,
        0.5063365478515625,
        0.411441650390625
      ],
      [
        0.5171657104492188,
        0.5055858154296875,
        0.40201123046875
      ],
      [
        0.5168327026367188,
        0.506983642578125,
        0.39460107421875
      ],
      [
        0.5164902954101562,
        0.5074107666015625,
        0.384844482421875
      ],
      [
        0.5169338989257812,
        0.5078377685546875,
        0.376913330078125
      ],
      [
        0.5167525024414062,
        0.5085899658203125,
        0.368360595703125
      ],
      [
        0.5169964599609375,
        0.5090849609375,
        0.360279296875
      ],
      [
        0.5177151489257813,
        0.5092755126953125,
        0.35208154296875
      ],
      [
        0.5179813232421875,
        0.5087791748046875,
        0.345537353515625
      ],
      [
        0.5185939331054688,
        0.50847119140625,
        0.3382255859375
      ],
      [
        0.5190792846679687,
        0.50868115234375,
        0.33298681640625
      ],
      [
        0.5189285888671875,
        0.5081444091796875,
        0.32461474609375
      ],
      [
        0.5201517944335937,
        0.508409423828125,
        0.3194384765625
      ],
      [
        0.5209843516349792,
        0.5094693303108215,
        0.31850677728652954
      ],
      [
        0.5216760864257812,
        0.5092467041015625,
        0.305551025390625
      ],
      [
        0.5201818237304687,
        0.50893505859375,
        0.300056640625
      ],
      [
        0.5192254028320312,
        0.5088023681640625,
        0.295950439453125
      ],
      [
        0.5175819091796875,
        0.509204833984375,
        0.290737548828125
      ],
      [
        0.5172687377929688,
        0.5083873291015625,
        0.288618896484375
      ],
      [
        0.5172035522460937,
        0.5107008056640625,
        0.283387451171875
      ],
      [
        0.5156685791015625,
        0.5108026123046875,
        0.282851806640625
      ],
      [
        0.5159528198242187,
        0.512285888671875,
        0.280352294921875
      ],
      [
        0.5148460083007812,
        0.512073486328125,
        0.280035888671875
      ],
      [
        0.5137493286132813,
        0.5127718505859375,
        0.278790283203125
      ],
      [
        0.5093739624023438,
        0.5139940185546875,
        0.277621826171875
      ],
      [
        0.5070042724609375,
        0.5122303466796875,
        0.275115966796875
      ],
      [
        0.508675537109375,
        0.51390673828125,
        0.274827880859375
      ],
      [
        0.5086437377929688,
        0.51462646484375,
        0.27453564453125
      ],
      [
        0.5066111450195312,
        0.5133131103515625,
        0.2744033203125
      ],
      [
        0.5050408325195312,
        0.5132503662109374,
        0.273254638671875
      ],
      [
        0.503806396484375,
        0.5127554931640625,
        0.27239599609375
      ],
      [
        0.5030006713867188,
        0.51257373046875,
        0.271688232421875
      ],
      [
        0.5019869995117188,
        0.51151611328125,
        0.27072021484375
      ],
      [
        0.501663330078125,
        0.510953125,
        0.2697431640625
      ],
      [
        0.5019336547851563,
        0.51038037109375,
        0.268762451171875
      ],
      [
        0.5024175415039063,
        0.5104793701171875,
        0.267922119140625
      ],
      [
        0.502634765625,
        0.5099544677734374,
        0.266896728515625
      ],
      [
        0.5033959350585937,
        0.5097413330078125,
        0.26588671875
      ],
      [
        0.5037615356445313,
        0.50903564453125,
        0.265590087890625
      ],
      [
        0.5046447143554688,
        0.5088260498046875,
        0.264941162109375
      ],
      [
        0.5058807983398438,
        0.5092152099609375,
        0.264314453125
      ],
      [
        0.5063135375976563,
        0.5098912353515626,
        0.26314501953125
      ],
      [
        0.5070816040039062,
        0.5097677001953125,
        0.263256103515625
      ],
      [
        0.5077521362304688,
        0.5092222900390625,
        0.263546142578125
      ],
      [
        0.5080640869140625,
