{
  "experiment_id": "exp_000",
  "iteration": 0,
  "start_time": "2025-09-01T18:17:36.682259",
  "pid_parameters": {
    "kp_x": 0.5,
    "kp_y": 0.5,
    "kp_z": 0.5,
    "ki_x": 0.1,
    "ki_y": 0.1,
    "ki_z": 0.1,
    "kd_x": 0.35,
    "kd_y": 0.35,
    "kd_z": 0.45
  },
  "flight_data": {
    "crazyflie_positions": [
      [
        -0.01855767822265625,
        -0.02160638427734375,
        0.422523193359375
      ],
      [
        -0.01927606201171875,
        -0.02120654296875,
        0.425335693359375
      ],
      [
        -0.0193975830078125,
        -0.02083135986328125,
        0.4277578125
      ],
      [
        -0.0201829833984375,
        -0.0220875244140625,
        0.431131103515625
      ],
      [
        -0.021859130859375,
        -0.0217484130859375,
        0.434544921875
      ],
      [
        -0.02202874755859375,
        -0.0211298828125,
        0.436704345703125
      ],
      [
        -0.02298773193359375,
        -0.02098345947265625,
        0.439481201171875
      ],
      [
        -0.022275634765625,
        -0.02121258544921875,
        0.4422047119140625
      ],
      [
        -0.0222568359375,
        -0.02094000244140625,
        0.44483056640625
      ],
      [
        -0.02213677978515625,
        -0.0208111572265625,
        0.4472889404296875
      ],
      [
        -0.0219659423828125,
        -0.0208150634765625,
        0.4504224853515625
      ],
      [
        -0.021173095703125,
        -0.02028662109375,
        0.4527249755859375
      ],
      [
        -0.019920562744140623,
        -0.0194666748046875,
        0.4548380126953125
      ],
      [
        -0.01862042236328125,
        -0.0187431640625,
        0.4569127197265625
      ],
      [
        -0.016811370849609375,
        -0.0177593994140625,
        0.4589366455078125
      ],
      [
        -0.01539093017578125,
        -0.01691607666015625,
        0.460779541015625
      ],
      [
        -0.013717193603515625,
        -0.0156680908203125,
        0.462417724609375
      ],
      [
        -0.0120235595703125,
        -0.01456414794921875,
        0.4639432373046875
      ],
      [
        -0.0100758056640625,
        -0.0132603759765625,
        0.4652322998046875
      ],
      [
        -0.00766143798828125,
        -0.01115313720703125,
        0.4670379638671875
      ],
      [
        -0.00536474609375,
        -0.008998046875,
        0.4684097900390625
      ],
      [
        -0.002858001708984375,
        -0.0062930908203125,
        0.4697974853515625
      ],
      [
        0.000259521484375,
        -0.00315985107421875,
        0.47109912109375
      ],
      [
        0.003879730224609375,
        0.000811279296875,
        0.472496826171875
      ],
      [
        0.00802752685546875,
        0.005206787109375,
        0.473834228515625
      ],
      [
        0.013681549072265625,
        0.0113734130859375,
        0.4751822509765625
      ],
      [
        0.01927484130859375,
        0.01749688720703125,
        0.476884033203125
      ],
      [
        0.025482177734375,
        0.02476824951171875,
        0.47803076171875
      ],
      [
        0.0327020263671875,
        0.033001708984375,
        0.4796466064453125
      ],
      [
        0.04067083740234375,
        0.041713134765625,
        0.480663818359375
      ],
      [
        0.0492462158203125,
        0.051512939453125,
        0.481860107421875
      ],
      [
        0.05946603393554688,
        0.0627171630859375,
        0.482968017578125
      ],
      [
        0.06789273071289062,
        0.072579345703125,
        0.483333251953125
      ],
      [
        0.08014511108398438,
        0.086548583984375,
        0.484407470703125
      ],
      [
        0.09264532470703125,
        0.1002838134765625,
        0.485429931640625
      ],
      [
        0.10399603271484376,
        0.1130885009765625,
        0.4870250244140625
      ],
      [
        0.11749740600585938,
        0.1285784912109375,
        0.488959716796875
      ],
      [
        0.12999807739257813,
        0.142092529296875,
        0.490427490234375
      ],
      [
        0.14374734497070313,
        0.1580208740234375,
        0.492210205078125
      ],
      [
        0.158526123046875,
        0.1728111572265625,
        0.4929100341796875
      ],
      [
        0.17230862426757812,
        0.1868223876953125,
        0.49403271484375
      ],
      [
        0.18811700439453125,
        0.20303857421875,
        0.495683837890625
      ],
      [
        0.202564208984375,
        0.2170291748046875,
        0.4964229736328125
      ],
      [
        0.21852395629882812,
        0.2320185546875,
        0.49709765625
      ],
      [
        0.23375994873046874,
        0.2470250244140625,
        0.4979075927734375
      ],
      [
        0.24865875244140626,
        0.260336669921875,
        0.4979825439453125
      ],
      [
        0.262112548828125,
        0.2734949951171875,
        0.4986788330078125
      ],
      [
        0.27705841064453124,
        0.2878084716796875,
        0.49937744140625
      ],
      [
        0.29092132568359375,
        0.3016080322265625,
        0.50002294921875
      ],
      [
        0.30396832275390623,
        0.3145269775390625,
        0.500292236328125
      ],
      [
        0.31683624267578125,
        0.32701708984375,
        0.500725341796875
      ],
      [
        0.32968853759765626,
        0.339927978515625,
        0.50071435546875
      ],
      [
        0.3403831176757813,
        0.3499176025390625,
        0.501378173828125
      ],
      [
        0.35073388671875,
        0.3605423583984375,
        0.5017642822265626
      ],
      [
        0.3644447021484375,
        0.3728319091796875,
        0.502271240234375
      ],
      [
        0.37478900146484373,
        0.382982666015625,
        0.502795166015625
      ],
      [
        0.38508447265625,
        0.392910400390625,
        0.50325927734375
      ],
      [
        0.3964381713867188,
        0.402689453125,
        0.5032396240234375
      ],
      [
        0.40592388916015626,
        0.41132763671875,
        0.503873779296875
      ],
      [
        0.41340887451171876,
        0.41825390625,
        0.5040179443359375
      ],
      [
        0.41849102783203124,
        0.422496337890625,
        0.5041207275390625
      ],
      [
        0.43062347412109375,
        0.43308203125,
        0.504213134765625
      ],
      [
        0.43844903564453125,
        0.439126708984375,
        0.505551025390625
      ],
      [
        0.44429486083984376,
        0.443501220703125,
        0.50612646484375
      ],
      [
        0.45059405517578127,
        0.450243896484375,
        0.5080177001953124
      ],
      [
        0.45621356201171875,
        0.455384765625,
        0.5076492919921874
      ],
      [
        0.4582388997077942,
        0.45871204137802124,
        0.5081032514572144
      ],
      [
        0.46483544921875,
        0.4633326416015625,
        0.5094298095703125
      ],
      [
        0.46770703125,
        0.4673349609375,
        0.5097635498046875
      ],
      [
        0.472025634765625,
        0.470171875,
        0.5108387451171875
      ],
      [
        0.47697540283203127,
        0.4744166259765625,
        0.511015625
      ],
      [
        0.4798260498046875,
        0.4784232177734375,
        0.510494384765625
      ],
      [
        0.48564202880859375,
        0.481406005859375,
        0.511099365234375
      ],
      [
        0.48952093505859373,
        0.4825439453125,
        0.5104693603515625
      ],
      [
        0.49331939697265625,
        0.48568798828125,
        0.51055712890625
      ],
      [
        0.49717547607421875,
        0.48918115234375,
        0.5109898681640626
      ],
      [
        0.4991112060546875,
        0.491861572265625,
        0.5133380126953125
      ],
      [
